{"cameraMode":{"drawMode":0,"name":"Shaded","section":"Shading Mode"},"sceneLighting":true,"audioPlay":false,"sceneViewState":{"showFog":true,"showMaterialUpdate":false,"showSkybox":true,"showFlares":true,"showImageEffects":true,"showParticleSystems":true},"in2DMode":false,"pivot":{"x":-360.93609619140627,"y":-342.06536865234377,"z":-479.7914733886719},"rotation":{"x":0.09011546522378922,"y":-0.8506070375442505,"z":0.15505953133106233,"w":0.49437493085861208},"size":537.1466064453125,"orthographic":false}